ID,IDENTIFIER,SPECIES_ID,IS_SHINY,BLOB
1,normal,1,FALSE,data/sprites/normal/1.png
2,normal,2,FALSE,data/sprites/normal/2.png
3,normal,3,FALSE,data/sprites/normal/3.png
4,normal,4,FALSE,data/sprites/normal/4.png
5,normal,5,FALSE,data/sprites/normal/5.png
6,normal,6,FALSE,data/sprites/normal/6.png
7,normal,7,FALSE,data/sprites/normal/7.png
8,normal,8,FALSE,data/sprites/normal/8.png
9,normal,9,FALSE,data/sprites/normal/9.png
10,normal,10,FALSE,data/sprites/normal/10.png
11,normal,11,FALSE,data/sprites/normal/11.png
12,normal,12,FALSE,data/sprites/normal/12.png
13,normal,13,FALSE,data/sprites/normal/13.png
14,normal,14,FALSE,data/sprites/normal/14.png
15,normal,15,FALSE,data/sprites/normal/15.png
16,normal,16,FALSE,data/sprites/normal/16.png
17,normal,17,FALSE,data/sprites/normal/17.png
18,normal,18,FALSE,data/sprites/normal/18.png
19,normal,19,FALSE,data/sprites/normal/19.png
20,normal,20,FALSE,data/sprites/normal/20.png
21,normal,21,FALSE,data/sprites/normal/21.png
22,normal,22,FALSE,data/sprites/normal/22.png
23,normal,23,FALSE,data/sprites/normal/23.png
24,normal,24,FALSE,data/sprites/normal/24.png
25,normal,25,FALSE,data/sprites/normal/25.png
26,normal,26,FALSE,data/sprites/normal/26.png
27,normal,27,FALSE,data/sprites/normal/27.png
28,normal,28,FALSE,data/sprites/normal/28.png
29,normal,29,FALSE,data/sprites/normal/29.png
30,normal,30,FALSE,data/sprites/normal/30.png
31,normal,31,FALSE,data/sprites/normal/31.png
32,normal,32,FALSE,data/sprites/normal/32.png
33,normal,33,FALSE,data/sprites/normal/33.png
34,normal,34,FALSE,data/sprites/normal/34.png
35,normal,35,FALSE,data/sprites/normal/35.png
36,normal,36,FALSE,data/sprites/normal/36.png
37,normal,37,FALSE,data/sprites/normal/37.png
38,normal,38,FALSE,data/sprites/normal/38.png
39,normal,39,FALSE,data/sprites/normal/39.png
40,normal,40,FALSE,data/sprites/normal/40.png
41,normal,41,FALSE,data/sprites/normal/41.png
42,normal,42,FALSE,data/sprites/normal/42.png
43,normal,43,FALSE,data/sprites/normal/43.png
44,normal,44,FALSE,data/sprites/normal/44.png
45,normal,45,FALSE,data/sprites/normal/45.png
46,normal,46,FALSE,data/sprites/normal/46.png
47,normal,47,FALSE,data/sprites/normal/47.png
48,normal,48,FALSE,data/sprites/normal/48.png
49,normal,49,FALSE,data/sprites/normal/49.png
50,normal,50,FALSE,data/sprites/normal/50.png
51,normal,51,FALSE,data/sprites/normal/51.png
52,normal,52,FALSE,data/sprites/normal/52.png
53,normal,53,FALSE,data/sprites/normal/53.png
54,normal,54,FALSE,data/sprites/normal/54.png
55,normal,55,FALSE,data/sprites/normal/55.png
56,normal,56,FALSE,data/sprites/normal/56.png
57,normal,57,FALSE,data/sprites/normal/57.png
58,normal,58,FALSE,data/sprites/normal/58.png
59,normal,59,FALSE,data/sprites/normal/59.png
60,normal,60,FALSE,data/sprites/normal/60.png
61,normal,61,FALSE,data/sprites/normal/61.png
62,normal,62,FALSE,data/sprites/normal/62.png
63,normal,63,FALSE,data/sprites/normal/63.png
64,normal,64,FALSE,data/sprites/normal/64.png
65,normal,65,FALSE,data/sprites/normal/65.png
66,normal,66,FALSE,data/sprites/normal/66.png
67,normal,67,FALSE,data/sprites/normal/67.png
68,normal,68,FALSE,data/sprites/normal/68.png
69,normal,69,FALSE,data/sprites/normal/69.png
70,normal,70,FALSE,data/sprites/normal/70.png
71,normal,71,FALSE,data/sprites/normal/71.png
72,normal,72,FALSE,data/sprites/normal/72.png
73,normal,73,FALSE,data/sprites/normal/73.png
74,normal,74,FALSE,data/sprites/normal/74.png
75,normal,75,FALSE,data/sprites/normal/75.png
76,normal,76,FALSE,data/sprites/normal/76.png
77,normal,77,FALSE,data/sprites/normal/77.png
78,normal,78,FALSE,data/sprites/normal/78.png
79,normal,79,FALSE,data/sprites/normal/79.png
80,normal,80,FALSE,data/sprites/normal/80.png
81,normal,81,FALSE,data/sprites/normal/81.png
82,normal,82,FALSE,data/sprites/normal/82.png
83,normal,83,FALSE,data/sprites/normal/83.png
84,normal,84,FALSE,data/sprites/normal/84.png
85,normal,85,FALSE,data/sprites/normal/85.png
86,normal,86,FALSE,data/sprites/normal/86.png
87,normal,87,FALSE,data/sprites/normal/87.png
88,normal,88,FALSE,data/sprites/normal/88.png
89,normal,89,FALSE,data/sprites/normal/89.png
90,normal,90,FALSE,data/sprites/normal/90.png
91,normal,91,FALSE,data/sprites/normal/91.png
92,normal,92,FALSE,data/sprites/normal/92.png
93,normal,93,FALSE,data/sprites/normal/93.png
94,normal,94,FALSE,data/sprites/normal/94.png
95,normal,95,FALSE,data/sprites/normal/95.png
96,normal,96,FALSE,data/sprites/normal/96.png
97,normal,97,FALSE,data/sprites/normal/97.png
98,normal,98,FALSE,data/sprites/normal/98.png
99,normal,99,FALSE,data/sprites/normal/99.png
100,normal,100,FALSE,data/sprites/normal/100.png
101,normal,101,FALSE,data/sprites/normal/101.png
102,normal,102,FALSE,data/sprites/normal/102.png
103,normal,103,FALSE,data/sprites/normal/103.png
104,normal,104,FALSE,data/sprites/normal/104.png
105,normal,105,FALSE,data/sprites/normal/105.png
106,normal,106,FALSE,data/sprites/normal/106.png
107,normal,107,FALSE,data/sprites/normal/107.png
108,normal,108,FALSE,data/sprites/normal/108.png
109,normal,109,FALSE,data/sprites/normal/109.png
110,normal,110,FALSE,data/sprites/normal/110.png
111,normal,111,FALSE,data/sprites/normal/111.png
112,normal,112,FALSE,data/sprites/normal/112.png
113,normal,113,FALSE,data/sprites/normal/113.png
114,normal,114,FALSE,data/sprites/normal/114.png
115,normal,115,FALSE,data/sprites/normal/115.png
116,normal,116,FALSE,data/sprites/normal/116.png
117,normal,117,FALSE,data/sprites/normal/117.png
118,normal,118,FALSE,data/sprites/normal/118.png
119,normal,119,FALSE,data/sprites/normal/119.png
120,normal,120,FALSE,data/sprites/normal/120.png
121,normal,121,FALSE,data/sprites/normal/121.png
122,normal,122,FALSE,data/sprites/normal/122.png
123,normal,123,FALSE,data/sprites/normal/123.png
124,normal,124,FALSE,data/sprites/normal/124.png
125,normal,125,FALSE,data/sprites/normal/125.png
126,normal,126,FALSE,data/sprites/normal/126.png
127,normal,127,FALSE,data/sprites/normal/127.png
128,normal,128,FALSE,data/sprites/normal/128.png
129,normal,129,FALSE,data/sprites/normal/129.png
130,normal,130,FALSE,data/sprites/normal/130.png
131,normal,131,FALSE,data/sprites/normal/131.png
132,normal,132,FALSE,data/sprites/normal/132.png
133,normal,133,FALSE,data/sprites/normal/133.png
134,normal,134,FALSE,data/sprites/normal/134.png
135,normal,135,FALSE,data/sprites/normal/135.png
136,normal,136,FALSE,data/sprites/normal/136.png
137,normal,137,FALSE,data/sprites/normal/137.png
138,normal,138,FALSE,data/sprites/normal/138.png
139,normal,139,FALSE,data/sprites/normal/139.png
140,normal,140,FALSE,data/sprites/normal/140.png
141,normal,141,FALSE,data/sprites/normal/141.png
142,normal,142,FALSE,data/sprites/normal/142.png
143,normal,143,FALSE,data/sprites/normal/143.png
144,normal,144,FALSE,data/sprites/normal/144.png
145,normal,145,FALSE,data/sprites/normal/145.png
146,normal,146,FALSE,data/sprites/normal/146.png
147,normal,147,FALSE,data/sprites/normal/147.png
148,normal,148,FALSE,data/sprites/normal/148.png
149,normal,149,FALSE,data/sprites/normal/149.png
150,normal,150,FALSE,data/sprites/normal/150.png
151,normal,151,FALSE,data/sprites/normal/151.png
152,shiny,1,TRUE,data/sprites/shiny/1.png
153,shiny,2,TRUE,data/sprites/shiny/2.png
154,shiny,3,TRUE,data/sprites/shiny/3.png
155,shiny,4,TRUE,data/sprites/shiny/4.png
156,shiny,5,TRUE,data/sprites/shiny/5.png
157,shiny,6,TRUE,data/sprites/shiny/6.png
158,shiny,7,TRUE,data/sprites/shiny/7.png
159,shiny,8,TRUE,data/sprites/shiny/8.png
160,shiny,9,TRUE,data/sprites/shiny/9.png
161,shiny,10,TRUE,data/sprites/shiny/10.png
162,shiny,11,TRUE,data/sprites/shiny/11.png
163,shiny,12,TRUE,data/sprites/shiny/12.png
164,shiny,13,TRUE,data/sprites/shiny/13.png
165,shiny,14,TRUE,data/sprites/shiny/14.png
166,shiny,15,TRUE,data/sprites/shiny/15.png
167,shiny,16,TRUE,data/sprites/shiny/16.png
168,shiny,17,TRUE,data/sprites/shiny/17.png
169,shiny,18,TRUE,data/sprites/shiny/18.png
170,shiny,19,TRUE,data/sprites/shiny/19.png
171,shiny,20,TRUE,data/sprites/shiny/20.png
172,shiny,21,TRUE,data/sprites/shiny/21.png
173,shiny,22,TRUE,data/sprites/shiny/22.png
174,shiny,23,TRUE,data/sprites/shiny/23.png
175,shiny,24,TRUE,data/sprites/shiny/24.png
176,shiny,25,TRUE,data/sprites/shiny/25.png
177,shiny,26,TRUE,data/sprites/shiny/26.png
178,shiny,27,TRUE,data/sprites/shiny/27.png
179,shiny,28,TRUE,data/sprites/shiny/28.png
180,shiny,29,TRUE,data/sprites/shiny/29.png
181,shiny,30,TRUE,data/sprites/shiny/30.png
182,shiny,31,TRUE,data/sprites/shiny/31.png
183,shiny,32,TRUE,data/sprites/shiny/32.png
184,shiny,33,TRUE,data/sprites/shiny/33.png
185,shiny,34,TRUE,data/sprites/shiny/34.png
186,shiny,35,TRUE,data/sprites/shiny/35.png
187,shiny,36,TRUE,data/sprites/shiny/36.png
188,shiny,37,TRUE,data/sprites/shiny/37.png
189,shiny,38,TRUE,data/sprites/shiny/38.png
190,shiny,39,TRUE,data/sprites/shiny/39.png
191,shiny,40,TRUE,data/sprites/shiny/40.png
192,shiny,41,TRUE,data/sprites/shiny/41.png
193,shiny,42,TRUE,data/sprites/shiny/42.png
194,shiny,43,TRUE,data/sprites/shiny/43.png
195,shiny,44,TRUE,data/sprites/shiny/44.png
196,shiny,45,TRUE,data/sprites/shiny/45.png
197,shiny,46,TRUE,data/sprites/shiny/46.png
198,shiny,47,TRUE,data/sprites/shiny/47.png
199,shiny,48,TRUE,data/sprites/shiny/48.png
200,shiny,49,TRUE,data/sprites/shiny/49.png
201,shiny,50,TRUE,data/sprites/shiny/50.png
202,shiny,51,TRUE,data/sprites/shiny/51.png
203,shiny,52,TRUE,data/sprites/shiny/52.png
204,shiny,53,TRUE,data/sprites/shiny/53.png
205,shiny,54,TRUE,data/sprites/shiny/54.png
206,shiny,55,TRUE,data/sprites/shiny/55.png
207,shiny,56,TRUE,data/sprites/shiny/56.png
208,shiny,57,TRUE,data/sprites/shiny/57.png
209,shiny,58,TRUE,data/sprites/shiny/58.png
210,shiny,59,TRUE,data/sprites/shiny/59.png
211,shiny,60,TRUE,data/sprites/shiny/60.png
212,shiny,61,TRUE,data/sprites/shiny/61.png
213,shiny,62,TRUE,data/sprites/shiny/62.png
214,shiny,63,TRUE,data/sprites/shiny/63.png
215,shiny,64,TRUE,data/sprites/shiny/64.png
216,shiny,65,TRUE,data/sprites/shiny/65.png
217,shiny,66,TRUE,data/sprites/shiny/66.png
218,shiny,67,TRUE,data/sprites/shiny/67.png
219,shiny,68,TRUE,data/sprites/shiny/68.png
220,shiny,69,TRUE,data/sprites/shiny/69.png
221,shiny,70,TRUE,data/sprites/shiny/70.png
222,shiny,71,TRUE,data/sprites/shiny/71.png
223,shiny,72,TRUE,data/sprites/shiny/72.png
224,shiny,73,TRUE,data/sprites/shiny/73.png
225,shiny,74,TRUE,data/sprites/shiny/74.png
226,shiny,75,TRUE,data/sprites/shiny/75.png
227,shiny,76,TRUE,data/sprites/shiny/76.png
228,shiny,77,TRUE,data/sprites/shiny/77.png
229,shiny,78,TRUE,data/sprites/shiny/78.png
230,shiny,79,TRUE,data/sprites/shiny/79.png
231,shiny,80,TRUE,data/sprites/shiny/80.png
232,shiny,81,TRUE,data/sprites/shiny/81.png
233,shiny,82,TRUE,data/sprites/shiny/82.png
234,shiny,83,TRUE,data/sprites/shiny/83.png
235,shiny,84,TRUE,data/sprites/shiny/84.png
236,shiny,85,TRUE,data/sprites/shiny/85.png
237,shiny,86,TRUE,data/sprites/shiny/86.png
238,shiny,87,TRUE,data/sprites/shiny/87.png
239,shiny,88,TRUE,data/sprites/shiny/88.png
240,shiny,89,TRUE,data/sprites/shiny/89.png
241,shiny,90,TRUE,data/sprites/shiny/90.png
242,shiny,91,TRUE,data/sprites/shiny/91.png
243,shiny,92,TRUE,data/sprites/shiny/92.png
244,shiny,93,TRUE,data/sprites/shiny/93.png
245,shiny,94,TRUE,data/sprites/shiny/94.png
246,shiny,95,TRUE,data/sprites/shiny/95.png
247,shiny,96,TRUE,data/sprites/shiny/96.png
248,shiny,97,TRUE,data/sprites/shiny/97.png
249,shiny,98,TRUE,data/sprites/shiny/98.png
250,shiny,99,TRUE,data/sprites/shiny/99.png
251,shiny,100,TRUE,data/sprites/shiny/100.png
252,shiny,101,TRUE,data/sprites/shiny/101.png
253,shiny,102,TRUE,data/sprites/shiny/102.png
254,shiny,103,TRUE,data/sprites/shiny/103.png
255,shiny,104,TRUE,data/sprites/shiny/104.png
256,shiny,105,TRUE,data/sprites/shiny/105.png
257,shiny,106,TRUE,data/sprites/shiny/106.png
258,shiny,107,TRUE,data/sprites/shiny/107.png
259,shiny,108,TRUE,data/sprites/shiny/108.png
260,shiny,109,TRUE,data/sprites/shiny/109.png
261,shiny,110,TRUE,data/sprites/shiny/110.png
262,shiny,111,TRUE,data/sprites/shiny/111.png
263,shiny,112,TRUE,data/sprites/shiny/112.png
264,shiny,113,TRUE,data/sprites/shiny/113.png
265,shiny,114,TRUE,data/sprites/shiny/114.png
266,shiny,115,TRUE,data/sprites/shiny/115.png
267,shiny,116,TRUE,data/sprites/shiny/116.png
268,shiny,117,TRUE,data/sprites/shiny/117.png
269,shiny,118,TRUE,data/sprites/shiny/118.png
270,shiny,119,TRUE,data/sprites/shiny/119.png
271,shiny,120,TRUE,data/sprites/shiny/120.png
272,shiny,121,TRUE,data/sprites/shiny/121.png
273,shiny,122,TRUE,data/sprites/shiny/122.png
274,shiny,123,TRUE,data/sprites/shiny/123.png
275,shiny,124,TRUE,data/sprites/shiny/124.png
276,shiny,125,TRUE,data/sprites/shiny/125.png
277,shiny,126,TRUE,data/sprites/shiny/126.png
278,shiny,127,TRUE,data/sprites/shiny/127.png
279,shiny,128,TRUE,data/sprites/shiny/128.png
280,shiny,129,TRUE,data/sprites/shiny/129.png
281,shiny,130,TRUE,data/sprites/shiny/130.png
282,shiny,131,TRUE,data/sprites/shiny/131.png
283,shiny,132,TRUE,data/sprites/shiny/132.png
284,shiny,133,TRUE,data/sprites/shiny/133.png
285,shiny,134,TRUE,data/sprites/shiny/134.png
286,shiny,135,TRUE,data/sprites/shiny/135.png
287,shiny,136,TRUE,data/sprites/shiny/136.png
288,shiny,137,TRUE,data/sprites/shiny/137.png
289,shiny,138,TRUE,data/sprites/shiny/138.png
290,shiny,139,TRUE,data/sprites/shiny/139.png
291,shiny,140,TRUE,data/sprites/shiny/140.png
292,shiny,141,TRUE,data/sprites/shiny/141.png
293,shiny,142,TRUE,data/sprites/shiny/142.png
294,shiny,143,TRUE,data/sprites/shiny/143.png
295,shiny,144,TRUE,data/sprites/shiny/144.png
296,shiny,145,TRUE,data/sprites/shiny/145.png
297,shiny,146,TRUE,data/sprites/shiny/146.png
298,shiny,147,TRUE,data/sprites/shiny/147.png
299,shiny,148,TRUE,data/sprites/shiny/148.png
300,shiny,149,TRUE,data/sprites/shiny/149.png
301,shiny,150,TRUE,data/sprites/shiny/150.png
302,shiny,151,TRUE,data/sprites/shiny/151.png